"HolderAddress","Balance","PendingBalanceUpdate"
"0x000000000000000000000000000000000000dead","200000000","No"
"0x0000000000dba7f30ba877d1d66e5324858b1278","1E-18","No"
"0x000f8203e370d7f8e4588095712f5f7e525acfb6","716.879985052385","No"
"0x01272d8f9aa85365916aa88f0716cd7d0885f201","98.77625","No"
"0x027b706eba8c8f91b0b3b35b10b9c2240c0b6b65","278.73","No"
"0x02c7f6fdf8bb97f0518dc8c1b9500252dfad58cf","274093.410117719","No"
"0x034025e0a627b5b7270074dd0ce829e69dc105a5","369.4835","No"
"0x036a3a6d3085ec721425436ccb61858390cc7448","90543.5050270137","No"
"0x040d967b47f5823dc60a3359750c325bd584ebb3","1550.87281799259","No"
"0x049cc7022a82015c408c69407fe833897a687b25","5436605.00608957","No"
"0x04e0fd79e542254e606aaa5b0752f0773cc7b943","731.728","No"
"0x0507cf1abb7c18ec5af68b6a82b65c6da4a68f8f","335850.290837113","No"
"0x051dc16b2ecb366984d1074dcc07c342a9463999","34.3441046802447","No"
"0x0536841c05f8fae86575e5512e7ff3558cab8dab","187522.73222451","No"
"0x057067c1b54c7deac3669bda3f761d670e2784b1","15890.9448163439","No"
"0x05d0900a2107dce1f61ca8f4a445849b6acc651c","0.00475","No"
"0x05fa0a40436b6817c62b19c4384ec5163680cfe2","38404.0256803898","No"
"0x0651f483cabd249ba85e8f7f5b103d64513356d7","1106.26744421521","No"
"0x06f3fffe777d69c0575bf51357d2e965f6385d9b","950","No"
"0x06f41716dc336f55ed9955dcdd8215542675b8db","399098.8","No"
"0x071e3566678e97cb20c736e455ef31f7c7af4afa","416931.598149258","No"
"0x07738e0c57b1f0b8a7fa9bcf95f7879db52efe2f","104500","No"
"0x08170a80cee2681c3b163332cb6eece2999c361a","31825","No"
"0x0831b441563975ea3c5d897129bbeee4b6d87053","531868.45479138","No"
"0x08b9b939b21b9ee1a61e5a5e7fb74988c8dcdc7c","2221.61024657885","No"
"0x08de4ad69ccc7324a31ba8772b4ab9d9cb71507f","5.842595","No"
"0x0a61ba2e9591304205c91591d32e704c420646c4","117122.378143353","No"
"0x0a73e98d1b7790a902d501f976155b6a8964274b","4321.98834731669","No"
"0x0a79079e1ac954799ad5442e44e44641af18170b","95000","No"
"0x0ab67c441b6d13f6f6716b5283ece14cb45646ff","43399.7207046269","No"
"0x0ab9faf2a795f789d70e0c0bc7f1893d959c7f25","776268.814875588","No"
"0x0aeccc21ffe7f77ebe5ca05028b1306bd37911fc","141144.303375497","No"
"0x0b209ad2dba7a4fa6a268ec2ddf94e9b43bb9e3e","6036311.69462475","No"
"0x0b348fbcb9f50eb2ca1c13d14426fa6c43055471","950","No"
"0x0b6f3551f2d3ee1e77cc1e1558b1382fdd9f4b91","3651.382","No"
"0x0bdb9e5f4b392576b0d6a71d237f4a2e015ff667","148332.916374764","No"
"0x0c83871d3f344f8ecc470890a7de8baf1ecfbe0e","369.4835","No"
"0x0cbc7e6c446756af75248b87943c519e74c3fe0b","5224584.95801254","No"
"0x0d5958b734d528ee979853dad79728ef18900ed1","731.728","No"
"0x0d7767d69a43909642c3cd0ba3ed80ae225b10fc","1425","No"
"0x0d84826e43c413dc589edd06ad2a14921b511048","731.728","No"
"0x0dbf676aaafcf54f79e11138dc813d6c0055eca7","48240.8534807556","No"
"0x0df99342f3ee274a32935dc2c37c26f932926103","184916.241798661","No"
"0x0dfd2646b1382c97c2b6b50e9c3f9c881d1fda8b","412.32319071088","No"
"0x0e796a577ba066468d9edaab8b5843d72e3b447a","10830.7533592234","No"
"0x0ecaf65655901e0b1babdb9d7a674de7c824853d","1101.2115","No"
"0x0ee3b39be252823dd76b5431364fc7465f6e58db","10051.95","No"
"0x0f0097da9174bb22f36c8478cfbd3fec231fa9a9","157294.58847572","No"
"0x0f0ae899a9323d15b28419e83ca8f64c382e1906","1071723.5095","No"
"0x0f0d3bb487c432a07704f3c8ed15acd98a6e5e71","13071.2773141791","No"
"0x0f1a5aa525186a40d4e7cac94b31fc8d6a3a9adc","10070","No"
"0x0fc94e98a5e15ce4f77eec5a5a9b764d65ab4196","731.728","No"
"0x0ff012c1530bea6da49619b541583f61e4382357","3168.69989291194","No"
"0x10caaa4936592cabc556ba82cb940bb44ec5f879","1101.2115","No"
"0x11027d3b6d06070a24c1a9f2b5be3febd38ba41c","18382.500285","No"
"0x11968721af66a0780d43e40ad52f2679497f2a00","911.506","No"
"0x124b13d015552ff8e68dc0d8eb59bde604e91b29","1845.51762987383","No"
"0x13418443779abfb3e9e4a6a6713f16042eb6a87b","884017.710155979","No"
"0x1392d8dca5f8bd42280b2e99714fdb5d7e809300","1379.63224163478","No"
"0x13b3779506ef14ca732abf532d84475b46a6d1f5","8737.25042736434","No"
"0x13b88ee73acfc390a67b0c83d821e0a1b851ade8","58281.7688299891","No"
"0x144f832b54598e212e6bdffd1d1bb1471528c48c","52812.9782746343","No"
"0x147beef0edb2ec324ffe880f1912368a4e7f51ab","9901.90657667856","No"
"0x15e5cec71be0f6b27f442ffa671da5fcc4706fea","938.777688485184","No"
"0x16a1e0f15bb0ba11a0592cfaad43ba55a767b782","332662.106501572","No"
"0x16ab2ab41b2cf3221c0c4d97e5c2894da5b03cc6","14250","No"
"0x16e4104e58f849826a1c9eb89cccca2d87549e49","1818.4425","No"
"0x16e8cd0251369e585368eea2958a428e9d8eab03","20813.2852902298","No"
"0x1759ff706575aaf5e2e4f5e55b38344b00ec3f0f","10241.6618349425","No"
"0x19165831024b8d3629455cf973e9e83442de0923","1439589.71970045","No"
"0x1a19816a678bb680af6ad6513153fe2a7b8423bf","1099.6345","No"
"0x1a5d289de4cbf9100113fd513c06c302905b0e6e","32495.574146311","No"
"0x1a77f97e7e288f7c2607d5d22450e6d37447f7ad","11000.95","No"
"0x1a92fc0b042d7f8791117755c930a5e0184d26f0","26546.6646844745","No"
"0x1c778723c8b6b4381edcc13d6b7e8399d575c316","1407.66872639904","No"
"0x1c7a1c7df89d3b9ebb485fd516eb15166afa3040","1784.62935762896","No"
"0x1ca52636d42a62f65baef6bad49ada2ffebf669d","66180.1819206479","No"
"0x1d08df0354186d0f070895ab3558094273adb504","1427.30001176156","No"
"0x1d291545c8ec8780e8c85770df899cd914924283","1228883.05949185","No"
"0x1da88b569c41091e7343914b5709b9c35cb807fe","10962.9035086827","No"
"0x1dd915aa6d634f67b4356f5a9c25fe7035966371","2187.926","No"
"0x1ded388e680f2f2a849ae97bfb052441daded0d3","30731.629604899","No"
"0x1e2b4468b80f178d06a11219ba79fc2f8c0802cb","27577.55","No"
"0x1e36a35f3a6b98491ba7a3854ccbd0e83b8163de","6228.6275","No"
"0x1ea43ab42d393cd70c0be00f0ed8dc3ec96e0fd3","119828.603606922","No"
"0x1fe3729643c1b632804be17a6cd365cdf33f2966","628.222653622355","No"
"0x20469237557af33c528fde57713c19cad7e4104e","11389.3934249673","No"
"0x20d9849d9a5924d86ddc379bc29bb5f2b5286892","6430147.32152232","No"
"0x213055f4beb9696aa01aad8d58c0005a2aec96bb","60693.4151624533","No"
"0x21ce243a6f89a67cd2a8f2658254c7bb598aeaa6","1275.0805","No"
"0x2315f5ceabde21d019a608871c9ee62ff5d7a8e9","950","No"
"0x2425756033ef4f7315107d7cbeadd65aab26fc7d","3047166.19766406","No"
"0x242e32b9f2ac233f6b1d6cbb72769568413e89fa","634798.704207581","No"
"0x24c0732ef5d32b2d0d86ddf4eac454f26f783539","770444.671206414","No"
"0x250313fc682bcc5ea4ea45d69590b91cb4e165f7","13566.2166648601","No"
"0x25130420cba88b5202e81d4ddf675876f4d5ccb8","44298.5528931189","No"
"0x25493740e4507cbcce792b951a9eff3953b774cd","10249.0737441007","No"
"0x25c4e015816f4551dffefd66fec3ec67053f0516","35000","No"
"0x2676b4556b9afd01e792716bab48ddbe34643793","9146.92893225898","No"
"0x26d7c6f08783685334f0e31cd9b1e9fa4b84999b","744076.701178455","No"
"0x26f7491fbb119b624836887fd59e79807fa0c59f","304.093491011934","No"
"0x277e9e77fcda5da2225333ba33fa58139ae3e769","1273.2185","No"
"0x2785ff092ef79e2e5bf3d25bbc35247c492b3d1a","0.761012935046132","No"
"0x2841b7c3266fc7b97a402ae6bad5e6eabefd7e2f","28500","No"
"0x2850528c81b2375c53e15ce8cd945408953b2b40","212257.339626403","No"
"0x29cf1983023cb9a77a44b9952a645504d8e1221e","717.932576156717","No"
"0x29d1e2ad9192bfb38f5329b7afdc960144f2e958","1110384.55826209","No"
"0x2ad2ea1f414fc5dcbe470053f418ca1655a74b04","655.49905","No"
"0x2afe248cce5b644a3cd17a547c1228c20e06739b","2561689.03864504","No"
"0x2b22a864242c5b8c58d3d91f4c816e88d544d641","19744.0073825284","No"
"0x2b9da31e06e0eaed155a543ec7639410d6da30c9","6358376.16744976","No"
"0x2bc3874b0e040ac588b676e91fe4f5b7504714eb","731.728","No"
"0x2c82a3df8167f878cc015e2367797de0f6c6c81e","731.728","No"
"0x2ce191739ba16213f1f643ac26f0bf5f9ea7b5de","10000","No"
"0x2d82b81e7e480ca87007805ec57cb5409d05923c","352142.533497205","No"
"0x2df4eeefa9d926025d1cdebb7f60979432453889","208961.118563052","No"
"0x2e825c10a6a353e281d7da87c182e947099af185","1538020.62112773","No"
"0x2f11f9275af52108ad83ea1c79071b7cf6f330bc","1642.1605","No"
"0x2f331eea03fd7032aea0e11f06769e841c0a2608","272584.419087037","No"
"0x2f64f370f037641aafd0aef1e7cb9cecc350f834","692201.684122739","No"
"0x2f9ad60db8918195c2ed2628fc1ed8477685ba28","290097.345604637","No"
"0x306378f9a72497d26967c8fb3b58369d1a1497b0","6599342.56598061","No"
"0x3094cf9a360fb98ca7a9dc666751da9c16e45394","731.728","No"
"0x30e3e529fb725d8fc0f31ba068f25fd28caefb75","34586.7863912187","No"
"0x31412dcea2ad46cb3d1ec23d55cd038711be3ee1","4750","No"
"0x315550a1d978e67ceeaa43354b62fe944ab466d5","1275.0805","No"
"0x31832d10f68d3112d847bd924331f3d182d268c4","757139.916217731","No"
"0x32cabb348a93a37f9927bb85028af2e2b4407cc3","3260.17819321746","No"
"0x33f7f42edec097db0a3c1094bffdcb45a4a611ca","189905.310342772","No"
"0x34964527f19e6fcf28b10efb3202a083f624b5f9","116892.695059461","No"
"0x357f3418de33099483c329b2088fe6237f83f51d","445.018909671243","No"
"0x35aeb68d39b06c947a8aa6235adb2ecf91cc8b87","12541.9531428122","No"
"0x3612d2b5f2957086a0e86156921b18791256679c","87.6375","No"
"0x3683f655997561460aaedc868dfc2985b075d125","95621.2537807645","No"
"0x36aa21879b56ca46362a18b1fcf4bf24701d71e7","1652.03199568811","No"
"0x36ae7b7d131745c50bdc4c68813c633870e45f38","1237.31661890341","No"
"0x37014cf3d79466b970b7d334e9d67f8bd9395081","362.449461608969","No"
"0x3773176a81dd340697de17ce20d8e71254ab38e1","114915.690919254","No"
"0x378e380e72cc36c4776cc26772dc5e27f24da2d7","475","No"
"0x381329159c159ee1b1497a15bbb2a2d0f7feade9","1642.1605","No"
"0x383b928c398a22cc8aaeb34843d2d4b57eca8924","136710.281275575","No"
"0x38816325a61438db0e6fa3f0dd17b5c9ea0a38f9","20261.22","No"
"0x3a70344c268cd039b107d9f65705f6092303c919","731.728","No"
"0x3a94ad834eed811fd67093ec1ce137a14093849e","172734.37909069","No"
"0x3a9a23a6eb9a1a1a90944ddddc1029925006f6af","2673.3","No"
"0x3b0d5b1cdd96a558cffff8f74a2e34a8b526943f","236220.264713284","No"
"0x3b855150d48eade5d0b4944c02d089a23372a788","366792.661681165","No"
"0x3ba95c68f79a4ed5db72b8501801a9bc37705704","20.1292224544136","No"
"0x3cb6a6b0f7df8082603af972963595807ebb5ff8","731.728","No"
"0x3db596a36619f6a5e18d99c1fdb1b7e9a552cf6c","14389.8678845712","No"
"0x3e2217dd5a29344dcf1a4abfd9eaef4e037cb0b4","410711.939477349","No"
"0x3eb4b8578d2da88f6cededd67ec122648331abaa","4195.827","No"
"0x3edfc3c6d2bb8d491d8f5401cb9bdac7a35984cc","1642.1605","No"
"0x3f5afe475e7025700726533b48ebcacc6ca4d11c","1137035.20037658","No"
"0x41aa1d2dd2856ee25b56f9395fced37974c06c99","3117.9285","No"
"0x41b3b0deea5f4c033d282a01c7b67ed05e0bad7a","325995.584174148","No"
"0x422e5222747acda4e98fbf64ac34a435cfc680f1","10130.3289341531","No"
"0x4268dec3209788a1cf83a330b6c60551e0f1ffd9","1587305.0446539","No"
"0x427f923b50813d3ee2d2a0ecf7b3f8a2362a3b0b","9.26781204758926","No"
"0x4287e70f514683c18d7c737098bced2136808a47","4512.5","No"
"0x4353bd6766a37c37e050548ed74be0c380b8449c","2961341.9","No"
"0x436fdf1008c5bb26ac2f41d02c42e53f740327cb","11081.0808055652","No"
"0x43a4d2fe36b9197c6c1663b489ca787c7130f80e","169760.80695125","No"
"0x44a594136c0cdcedc04b471d0e9b24b659c6886b","5087708.98518314","No"
"0x45c7b80763dc330f3be7ee6a8a147637ecca49fc","0.836812276817534","No"
"0x469f6c4133aa366a8c4c274c3a174eee10d2b9c1","149155.77315","No"
"0x46d802f20797fb6f19921f9203be69e4785bffed","3600.3765","No"
"0x472390750ad7fea17f98dc53ad964b47b9b798ec","543.362","No"
"0x4786ec8284ff33ab5a0eadfa3b6b1f1e9bc2c500","571.638782437066","No"
"0x47aa429beab94a1d047661fc46c462612107e38f","5607.88837967561","No"
"0x47afe20c17bfba41ff510c76e3f80d78aab8c024","7170.42571299748","No"
"0x47c7539c8ffb76f43b19bddc1df2eef300578b0b","7477.56992274605","No"
"0x47d74c0bb07d86e614501ed96fbdee34d3e48faa","4750","No"
"0x4805ee39424b586de2a093a2d894902ad473839c","42724.5602867161","No"
"0x480aa30d99860962abfb403019d3979639c89bbf","43207.0253576907","No"
"0x4873e9291c6f9994c73aba9a91f5b13d39f014d1","41794.9696629324","No"
"0x48c5206a85ab6ec549e2fc5270a5461889f48be2","27309.0739328559","No"
"0x4980349c093ea77b73561badde9d99298030c587","32379.7601363468","No"
"0x499a3b55e658d5d0a350848e4f3e572381aabe0c","376.461389202635","No"
"0x49cc26368595bc1ad94d583169d3428d7a2b8f96","56353.3686659405","No"
"0x49d12113a7d33c8c069719c9f4dc8664afe5ff4c","950000","No"
"0x4a1bb40191e82eeb6ce5ae2b8286a8c74f83c7bc","1275.0805","No"
"0x4a7d16554e10a37fe9eb1e5362f6e61a0020d4fe","38912.0165502442","No"
"0x4a7ee83321ab0ecae5af882b92f9ffe581c91867","209937.394448917","No"
"0x4abac87eec0ad0932b71037b5d1fc88b7ac2defd","55107503.7966065","No"
"0x4adb866c64aae301e2fffc9d84272d9f3a32e352","24143.8808697105","No"
"0x4b815a110f3ec51dc673ae6d1079ba10c3df59c2","4928.28352454267","No"
"0x4b90141791ed4e6a2a9d1659581ce3908bd265da","695.1416","No"
"0x4bf5e52687ab366c207d5d20d63fba5be9e84018","175330.910723429","No"
"0x4bf6fb743a74b16d8885fb4a50ceed239ad95665","458004.928087497","No"
"0x4c08bd54ab8cb6cab19352c186fd20f9773010fa","48783.2506230565","No"
"0x4c26c7b2ec4de8e373477aed0781d54f2cd700d8","2214284.38469254","No"
"0x4cd7b6b9bbbb2a668e0a1f9b2d46adb44ee26b73","369.4835","No"
"0x4cf2c4de3a6a379470815d6cabadbd8577ba8b35","509668.601852909","No"
"0x4d3e02528c504ee69b7dbc6b87b32b665cdd7608","6239160.609864","No"
"0x4d6edc3579636b47edfe405cbc443851dbb27474","5295.4235","No"
"0x4dee99b388e76e7ee9793c8a3c89b718acb47066","631.53613120499","No"
"0x4e26f9090b96e545151cfe52f0d502332375abe1","26147.0002021348","No"
"0x4e653ca499e5a1019a4165b7990eeb060223e773","1291817.35464008","No"
"0x4e68b9519d26e5dab09c0eb719f8298c075ac94c","23683.845250702","No"
"0x4eba8e32350e61b8e2388661336a5376ff0d2e45","15098.7577586992","No"
"0x4f366728d6210b0c73d7d742fc057ea5e4c6a6c3","3993.19223423963","No"
"0x50015da60b4003be044c63fd2ed8624f36cf30ef","6154.879","No"
"0x509c79865f88e9dd597daa21ed5c36c54692c8e1","738.967","No"
"0x523f3d03a3773416f8e67663c7f3ff65653f1d74","20321.6589291821","No"
"0x52c1dbe50fd00218b85c448c57bac191d295731c","18.0841105276732","No"
"0x5360c7dc8059af1d3dcba46b7b4776bfd9df0017","2500.0715","No"
"0x53c2f2f21a7d8b2b8b5ad1fad92cf895181354d7","4198.02835492748","No"
"0x53f8ee315a07e68b003f7bfc07a1c7fcb201dce0","2370.60701166234","No"
"0x5432102fce8ed1b7806efa52ede0212c09c4ff16","654496.215982293","No"
"0x5567257701b0a8a03ddca8acbe8c00aa14d0a734","105796.157405264","No"
"0x556a8c428749952ae03258d0e0b9512bbaef6385","95","No"
"0x55a2d316008128b55d539f86498fe563492bee3b","65490.7281930732","No"
"0x567ddb662e8f383569c4f3a018d4fb1697f61b92","368.942","No"
"0x56825c18c66f5284df783161ab13eaf90080cb7f","1280.84999122686","No"
"0x56ab5906bb9bdacf2dbc416a99bb913a19c66061","12524.6480780965","No"
"0x5777702477e5d132db152a1013422b497d856d0a","6702.155","No"
"0x579783841a8f0d2050a89afb730034e84620240a","40.9579263735042","No"
"0x57cd573fe4e2e9e74360b711d530cfe04db9f835","125231.339098981","No"
"0x57f69c11bd32f487071b031c1f7fba35a5db6c6f","2278.98192896623","No"
"0x58839dc1090c8329b8dc9a577c1910acac7838c4","84715.3425694313","No"
"0x588df80c4ace1a5b32fbd6ade1107d66862e235d","1399.89167286473","No"
"0x58b74255a98fd37076a2a246f5052c26adf43563","163027.184821088","No"
"0x58d444419c328c29e1d1d10c9b9efb745782e5f1","369.4835","No"
"0x591449c468d8e0b1ae03d7f3bff7fac0f8fdf1a0","1150020.6","No"
"0x5981d1f328dc425629d0925854cdfe63fdf85afe","1349.04650688173","No"
"0x59941b215b14ca88b31ec3f4dd1f501e950e55b7","369.4835","No"
"0x5a051f6fec68c9d16e5669619b5eeb35f39dad29","369.4835","No"
"0x5a4c871f1158d0c954d87ae6dbb6a46e6d6f8b7e","318.6838710732","No"
"0x5b2140e452c478f173f52ebce2e92dbceca817c2","4750","No"
"0x5bad4ac0ab63242e8434749bcd289d056ff08c8e","2756.995","No"
"0x5c0a7a04c8939a326238b75c8423b49776441324","1801.27576575122","No"
"0x5c3979aef3785c3b4f6e6f27b82a5da399817883","936009.137656851","No"
"0x5c90998b92f074a0cf01a25432faf58799f40128","1727.6605","No"
"0x5cd6fcb42f701e13c426ee142db7777cec06ea6b","66031.2250693825","No"
"0x5d7f1631c9c6e41664724c0c9e03fdc5f3063934","18140.25","No"
"0x5e32b94bfa5ba80a673526895f66a07b52ff6759","728367.296134031","No"
"0x5e3773713f0a20806168d633652b905ee7253f83","295610.194071452","No"
"0x5e4b03e78bb1c53fa526486c3e2294c3bec64a2e","2137.51776302258","No"
"0x5e67caafaf6c56358edf8de5d71d39efb066de44","307.80665","No"
"0x5ec480b95cb3451fcbb549949b798636e888dc37","254806.133366335","No"
"0x5f741329384c14b8bf9c6402a973f1e2f5b47fae","369.4835","No"
"0x60377ec355857c2d06d1ce28555f624257344b0d","731.728","No"
"0x609437c8cdd0396631041e2ea849b5779b3ab71d","13267.850107886","No"
"0x614b08e827fae6e27fbcdf72c06739af016117df","1900","No"
"0x6155b60ece82575235c03a65d288ede30008da9a","2416340.14727624","No"
"0x61ea6869002777e695ad76fb91c7b24f346f0a04","114178.312633927","No"
"0x6219e995f9185e365716fe04b41e878507e0a2bc","676115.957643725","No"
"0x62a1e99c8c3808b3400e82dd51713ae8695bb23f","38345.6619271774","No"
"0x62beb626f2da5791d934d2362277a33382eee2b4","369.4835","No"
"0x62e5014d7e418e8279dc5094fb0eb10038a3f95c","4856154.56073385","No"
"0x635bd5df3797577a1c74364e1e7623bcea5934e4","1419.35195307594","No"
"0x6452751321a47b1db0745729e2bd7e69f38b79fd","11813.4262389456","No"
"0x64c58825f6c7c82e6f37cbfc3442c533b9572c7c","798.55385","No"
"0x64cb31cbd706fac7012ba15f8fdf745e1eac0328","2841.44322099883","No"
"0x6515dcef097c793d86f98d3f935ba7cf4670be99","615.30835","No"
"0x65a38e4b5a0aae5fc21368e1032f6ba04d13d332","1187.5","No"
"0x65bb29fcd5aeac3e9839d9df6ec16cf04bf75b6f","70065.1188025826","No"
"0x661323249b64d348defd2dcb5e113f82ffb9baee","2374.05","No"
"0x66ec86e2a285a8e37ac9c4148e9325cddb735a85","1220.05820299815","No"
"0x670f7d9484b88dfb365a1d1ec961d449105b0f57","2357.97942351686","No"
"0x671e0db822b0d9f7202d49a9ff3fa2651dd932e1","77667.566915073","No"
"0x6729a1caac43e869f6dd4d0e24ded528a75c3c75","6175679.282433","No"
"0x689671361d07525d0c9712cbcd2ab5b93cc288f7","2380.0445","No"
"0x6916680c28c93ab78498744da41ac669e6b4289e","102725.987285227","No"
"0x699df8d18aa1c452f2ec94fd054e6ddebd108eab","9500","No"
"0x69a4450666216f39a4157e822c260378d1370e0e","3483.674487864","No"
"0x69ab33c0556276531c5d754307b11d309e391771","7.3292822405919E-05","No"
"0x69e58fde542299eb50e6c72b71494c98cc4afc64","1462.3825","No"
"0x6a4441d67899219f3952ae397937de4c84e66cf8","570528.555748279","No"
"0x6a5690b5cd26fc68c620ff4f3bb2fddca91c8e02","950","No"
"0x6aef12ef1d3cfaf86cdb4931622320fdb946d258","80200.5376155503","No"
"0x6b877046c4c87a2b3bfe9c5565b13aec05deb544","60703.5648338996","No"
"0x6ba0e7edc260d13afaee08f7d6ea4e170babb0ca","357467.578326956","No"
"0x6c0d9e6895558c12da1034d8cc83be8d92d79293","45799.9947511021","No"
"0x6dbadd726aced61c4d1f1549347ab4cdb37d12f0","101183.828324492","No"
"0x6eed451cf24b1e57660d26128b32f814d380e5fb","187250.7","No"
"0x6f428ffc388787935b9c5ddb9f6e26bbdac8fae5","118989.276395153","No"
"0x6fc3d16b74a0ffaba294daff20033a1acad01698","28913.8041471211","No"
"0x6fec7be40101bacd4028d25dfc82ebc8264b5f6a","12033.612","No"
"0x717af37224e76748777d51358c1832de8999c58c","731.728","No"
"0x718536cbd681fc6edd0a79c7fce51e302c5a2f45","4443.0695596343","No"
"0x72adbfbcd1a0f3f334b63ce1b751fc84370d468d","683.638165162034","No"
"0x733b7bab9cdd4fded2849050f67a33a31cde5e09","369.4835","No"
"0x73b862880c96e13057cca561c41fe51317836e96","11400","No"
"0x73d0f500f2d5bd8fe192c9191e82e38cca818bc2","202573.229225118","No"
"0x73f4a28a6c59d15bc61e051e90efbc4dedf883c7","20927.7274510027","No"
"0x742a7df99d009aac918073bf27b34018f476d9df","369.4835","No"
"0x748ff482d0919aadc198abdd4a79bb4674e4906a","122123.160404157","No"
"0x74c5b996ff928b767e6f0c5e3ab170873b1bcf73","76216.5758750959","No"
"0x76bd560ea7a0808e3db17a19896124d6b847927a","71302099.3305824","No"
"0x76e8cd9c09a6f27a7e9264d8886c506ac24a457e","2380.72635657657","No"
"0x76f52c01bbfa2cadc4b34580c22fb17ab14f7950","7858.72065417458","No"
"0x76fd79caea5102cb728586669ac15d6d27de5d18","801.782107340833","No"
"0x7746de0259e69531b5a35139c1416c3c06f7f10e","6316335.21243018","No"
"0x77c3037adab21441e6bc514d70f099f0a3ba7de3","1262.67430989103","No"
"0x77c822761b3e3c029ced0ecbf415bf1e0bf88fcd","534.182592064762","No"
"0x7889e56cfea0bbbd477526433200db072b13a8ab","108075.381559719","No"
"0x78c2a2ed6bc50f3463dbaae08b37dbdfc8774845","176127.001349221","No"
"0x79429120affd282fd771b54df4fb371366e283ae","39793.8381744571","No"
"0x79d649d80e2115d6aa560d99f40c633c767b0ae1","2195.1745","No"
"0x7aac8638c5f2a8cfea257736df46a4fe7603b79e","1926541.76306302","No"
"0x7ac164fd609f750ea74f2718baf7f51f6473962c","5670000","No"
"0x7b179a3b5a1d20021d82859b9a99ac1fb5355c20","140400.562016133","No"
"0x7b3160a0219b4ce3ab78e700576920d6e7300655","2550.1705","No"
"0x7c3f39c961dbbb87588b7539b3a382534a704624","345936.809058878","No"
"0x7ceaebdf6b0c1ae6f9b7b1d6657a9be3b689a9b6","18797.5267776089","No"
"0x7cf970bccd4802b009b391169525bdc36cc8e61b","9852.9725","No"
"0x7d8d7dcaff1fff1122219dd9f41a40dabace9109","3683.59739076063","No"
"0x7d9ae5ca32fd909fc4a846bac8b2209d3f002eba","2759.19011951369","No"
"0x7e5e70373489e72af3cb7f9cb15910a5fdce89ac","150067.131054359","No"
"0x7ee058420e5937496f5a2096f04caa7721cf70cc","100000000","No"
"0x7fdc5ad91e75ca1f2827b49136f980b777515cca","219612.555517138","No"
"0x800a369636063b45177b27faefaa23b1ace9c1dc","738.967","No"
"0x8087b082b492249c7d60e272920db1656f4e7d61","13327.4287057974","No"
"0x80b8c5300f9f3c41a29198f69e3dde5bbdf98420","278418.972166819","No"
"0x80c3db0c6187df3d1e9973a0ae05ff0166a043c0","14601.0212477725","No"
"0x818c7505fa2c350a34f9b50f657606bdbfc98c8c","634.457524143434","No"
"0x8198c6d64d988ae01a8bf995c198e024b7e55e3b","3505250","No"
"0x8253bf1cc221ebbcfbf1a046511d45ccc8846578","1076.3925480686","No"
"0x8269b9627f51f8351f3b51d585261e838a575dfa","115293.153299119","No"
"0x837c0a196ee063ace9416292913e12de07366f65","29640","No"
"0x83ad1815fb6d040b2519fc16752724869cfd187a","11454.739360679","No"
"0x83b791a1c061fe028eb35c2adfa27e4da2f92ad2","542.564","No"
"0x8416c325aa05f74d5910106682420612a03b92ce","4327.90950265083","No"
"0x84d05dda80ce05243e2b6bc170e88a5d25b0d5ec","1898.1","No"
"0x86f9a1cdf86afe5417e002a9716292bc693450cc","102.54775","No"
"0x876e835722987964c0718b297a2f3dbe83114860","184224.163763282","No"
"0x8871604f3a5c31a98dc97f4828107330603a3d79","216874.315957256","No"
"0x89102278efc50f85ad2ea59cec6f2098887f587c","912.41331424615","No"
"0x8913ff693d140d32402253e8b70894d08c7f39bd","731.728","No"
"0x8963e2d4982a89824c08741270244af0acac5c2e","131166.528678968","No"
"0x89860a2080c9d1fe04c10f9c42d007d73b77456a","1275.0805","No"
"0x89b3af3534f30c7d977a3098ccde6424ab8f6349","153219.8","No"
"0x8ac34a2cb7b8228453554fec40ba96761920be1a","162784.316278991","No"
"0x8b10b6c59c7cc34a291320bc73798f2c6ee5dc50","47435.2569869121","No"
"0x8b34b3f2f19628d82f6f2d46c215ab03efb0745f","4E-18","No"
"0x8b37319e78f21b048c3726a7f29543253ac8d3ac","5255331.72171446","No"
"0x8b50132acb8a7f7039c0d3584c2ad4665ea37aab","1059216.75216536","No"
"0x8bbacd604e72f8b8de121ceece4751fc5535d55e","694038.4600202","No"
"0x8bd5f2708192ca1d41a1ebbc9894f158dc326a90","1900","No"
"0x8d08082230ff3f03edca05f79fe0086915b63d19","11400","No"
"0x8d6ef0fa04b2658578bd8a30e6b66772f1a52346","46258.35","No"
"0x8d747abf90d42114e25680e04351a787fd2e75d1","10526.5230115911","No"
"0x8e2fbad98c4c808c4b040e0a193f3a00e1fdefb3","439766.4","No"
"0x8eb911563b4b62454a214687bfdeddffa2d33a17","421380.638275148","No"
"0x8eccdc1e49a8f509c086fa6b4f24e818d2d38f1e","146957.599143364","No"
"0x8eddc20b3797c50ca5bb467b38c1f570c81c6b47","205.01413052267","No"
"0x8ee0d70039aeed956d592405045c5b0b5fc1ef4a","808468.12467003","No"
"0x8f1afae076e81e4c775a7a5be6f861285d9a31f3","62134.5431409447","No"
"0x8f2d31f9167fdb607e17edc7fbd7248e1573baa5","53685.1483918753","No"
"0x8f32f41e10cbae5136f32967eff6329dfe3041f8","731.728","No"
"0x8fc8052811ae66f66a07756eefffdcf79c18cedd","1110752.79032343","No"
"0x8ff817cf9654d95c1e73dbb852631ada92509453","1538091.46009813","No"
"0x9110352b2c8a1b2ebc61b17ad7f79242f2ea9ac5","1E-18","No"
"0x91b5681f83bc0bb0ef58c6089c519322aea9ba1b","48862.11","No"
"0x9227dbf75edbd7f08d47a1d5aad71d33750e4bbb","2016548.0834613","No"
"0x923dd57518c85c9804d173895a2ee40db7cd8e15","889923.426047388","No"
"0x9294d9553ee632cc523bfe8aabdae1f29d719a4e","160056.403605901","No"
"0x92ae70a8e2603ecb9b1908baeaf88f26c2a2ee1f","58.9168147939491","No"
"0x92b0250e3a151014142690aad69ad87e4e9bf834","144690.866211528","No"
"0x92c772f48cc199f6b840f4291f208d9b1bc937ab","26129.1216767829","No"
"0x9315f81659a7bf260bb2370d55a93808b63f826c","1814834.65468787","No"
"0x931efc6064bcb7d677200883af22906830cdfc4a","7122.72047443594","No"
"0x93922c1a2efbccadb8fb44e909b38286ae1f87a0","202.402137320454","No"
"0x93b72cecd41940ea60541aaad6b86a744b2154b7","33813.370080722","No"
"0x94146112e4c7d2ac4b69ce78bd14a33c000c7e8a","2921.08433841508","No"
"0x942bc451b012ae43978ae75a1d2564906a8c9412","2372.815","No"
"0x94552a1e29a2a554b963122dc40fc73b4a6d81fb","2772.26585442749","No"
"0x94cd0cf5a989af1c0feff4de8b34d1f725f6b7cd","21025.1462999246","No"
"0x954b32fd59163ec3946b1610d81ba3dcf71aa146","0.00492302803500119","No"
"0x96840088193de36ef8db44f864cd0babf2a5f8d4","1330","No"
"0x96b12e018c4d5a88091d8b27b8e9b86a656b5946","218.015398718155","No"
"0x96c195f6643a3d797cb90cb6ba0ae2776d51b5f3","56.3153695492558","No"
"0x975f67f27f15120dbeb26831e4422a2e1a0f6b03","13281.3372935507","No"
"0x978980b12bbb6e1d961c990f3c19347395bf6cfa","731.728","No"
"0x98948b9c376c2d7afdf2c3e0543a18e5b650841f","55708.328965505","No"
"0x98a4efc56bc241506168a247aa6753b5288c2168","487701.873262543","No"
"0x98ba9cdfbfbd106a4670de90a1e31f9e6b8baf1b","2500","No"
"0x990b76319ad793179abc503b9066bb6d92cce8b3","102291.289765894","No"
"0x99bfe7f039999c7c198a08ccf0758f882aba6712","116884.114191415","No"
"0x99d9992197433889a1d409e82f92cdeebed9d508","950","No"
"0x99f7211cd6e15f775cabcafe9ace62ef31742e09","1011632.94120964","No"
"0x99fd27b7a783a69e71d56c8b1309ee1e158ba48a","1275.0805","No"
"0x9a00e09cc4f73e58a5313d31847a523534e00a56","950","No"
"0x9a23aa8e05c477da3fbfa630b8c9f44c951a90da","343705.25","No"
"0x9aed55be7ac0d3727e4dcc1073746a74598bae42","10018.6424310154","No"
"0x9af389e708224f133f8ef9d72565bda38f5f38c9","302098.7729181","No"
"0x9b194eab6604f041d9ff430e90e6d05d7c0e4049","2548611.79588423","No"
"0x9bbdb29a64ee7587343901349a5297ea7313637f","1240208.12456783","No"
"0x9c705a98ffdc5f918b27908faa2bf563727fb1b4","225615.649687627","No"
"0x9dc5fd99379292420410a5483bc530683ecbe868","30989.9130940709","No"
"0x9ea9729a39b43d28381acea2e749fbb09971dc5f","327018477.844388","No"
"0x9ebd05aecc2c63fbe22a745512b401177966235b","7945.17352924354","No"
"0x9f1276ad8e2d63533b61eb00989546955335c69e","95.95","No"
"0x9f6999db2126c5c7c79c807bcb20af497783e083","6336.605","No"
"0x9f6d96b8429b4106dd62770f10b46c36a484c66a","213895.055178034","No"
"0x9f7d07f9f27bf651de824e1b97dcc4247ac800e4","18059.190235839","No"
"0x9f90915ccf49b2b83680a720c71a7f83c36ccbff","731.728","No"
"0x9fefae91e7d7a995df9734537fcdead5eca44e4e","134045","No"
"0xa0b02368c71305cf8878e112ad5dc6e6bb4fb808","2731.288","No"
"0xa251c3b888d77419d7104a90739493ffdf25ff7f","369.4835","No"
"0xa2908b6212a1f093ff94dc2cd06f5df7a711a436","36575.141265054","No"
"0xa3b97ceb6f31a90ab10db72299369492da631cab","60522.6753558504","No"
"0xa4fcbb86504409bba1fb2942a355146ff3c30af4","76176.6450324149","No"
"0xa50868e60dc3240a959093f6861258ec1a92dfd1","1818.4425","No"
"0xa516a095d6b782f8e72dc5392d1476f1628ade48","546942.340583998","No"
"0xa8766ec2c3e3b960d7d311f9ae9c537759ba33d9","369.4835","No"
"0xa8b730190c55ff1359844d84bad75e23458ab779","1275.0805","No"
"0xa90b00f1f3472de3fd6ae3c8f55d77c29406cc27","3800","No"
"0xa917706522c62c0908e560b74528ec95051824d7","54674.4175566863","No"
"0xa995db27394a0c2d4da7583f83a4c8177c75df1d","32936.7853021392","No"
"0xaa622edd5eaa72ccbefed4388803ad11054e8c1b","1100.1805","No"
"0xab31d3118e20761d016f0f078f6b1f9b62f3acca","328037.132415488","No"
"0xab42cca51b5decc62c0472e9309892802bbf8dc8","185309.233004321","No"
"0xab583e4678e5960e53165f1dcefd30dc15502010","2006.8085","No"
"0xac48e18f008c8fbe70e1b97c1905ca5f6a67dfd4","276550.831022886","No"
"0xaca47b6ba1bca6269afbf10a20b52a3c9a930574","0.101851788191777","No"
"0xacbb4ab18c40b4c0a2cdaef9e3568735d2f1bc31","731.728","No"
"0xad11b81fcef2577b30f1ec9824c11b14d8797cc9","2372.815","No"
"0xad5510fd12bad4397844ea273796f64057c5e466","5944.9530323456","No"
"0xad559d351721fa012d407b61752f65c539e3c312","2144.0683535815","No"
"0xada2400f94acdece8b3d7e3b0b6579e96b92797c","1525.53665238208","No"
"0xada65c26d5a551d45714423a32fae815d98399b8","98326.1691603672","No"
"0xadc7d8801f11c6dbc0d29b8274b35461eaa5afe1","4397.588","No"
"0xadce930d8a086bad864845afaf0a0bd15abe78d1","316.635","No"
"0xae2699f9ad53648f47e5583838afddd985c354d6","107055.256790114","No"
"0xae4074dda822de24c6c2ba6429d0f52cdf6004e9","10011.2355210308","No"
"0xaee11d2081c7cb4fcf67a739babc0465b7959d75","3366.84834332084","No"
"0xaee44768a42abe89bd316956de21de500b15d3cd","4870.32801595785","No"
"0xaf1cfadb9b691c3ef5c6c55fab8167e9e458128b","0.872093830838536","No"
"0xb14599b156a7d3e1c363dc75e1dd67bc5965a234","17144.1270139222","No"
"0xb1b9b4bbe8a92d535f5df2368e7fd2ecfb3a1950","150410.682555569","No"
"0xb1cc7b098c4f824cd91cda6bdcbbe5473cdcd14d","656923.871612044","No"
"0xb1eb145aed1cc4f7ee89f9d4feca469d20bf7b33","45087.0576674667","No"
"0xb2f1687df9770a35e322b05da8e08ab6cdacb62a","0.05","No"
"0xb33a0db650f765bfdaf2ed43b56ef55b6c4ebafc","49517.3962604315","No"
"0xb43b203f2ddf99921f583640bf116c7621ff431d","157144.080566184","No"
"0xb49c29e15878dc2024168105d6d633001cfd9eab","9018.65820388169","No"
"0xb58e473ea48da766c23ee1923de65565ea83a87e","100000","No"
"0xb5e64fcff6ffc621daf528a89d538df7d9d66ef8","51524.5677442018","No"
"0xb63681778ba15f9e0ee01b229e114625f29f3570","10612.1606269142","No"
"0xb64171f38fe9982aa4d823a3c52d28a6681332ab","6609705.45839383","No"
"0xb6af80302c05b7444e0387c8422631e9282c7ba5","47930.318629884","No"
"0xb6b1a658eab5a3e664cc9c0a87d41cd36c06449a","4926.4815","No"
"0xb6d869364ebacb39f3128b3f54df3f5c21ce65f4","230784.473303904","No"
"0xb710aee66a8deae5d8afe2bf448e19c02673b227","1157.34984076092","No"
"0xb74373a21d3cbf6e51c59b5883e7341c8f83b463","1.229036749E-09","No"
"0xb7c25ac9c3d515ee34bb9981bde6114a140695ad","288748.081245879","No"
"0xb86a67b347a94adf906a6e54ac18b51452b1c22a","99766.1670596494","No"
"0xb96c2729079d29f827bedf76adf8cb5afb0d9596","8338.35135994997","No"
"0xba877792427e6c10a00f7f71cbf3f429ed57eccf","10907.7379168117","No"
"0xbaaeee3b35e43c06e482474b250b142ad50b1ab0","143538.277169845","No"
"0xbaf4bedbeb7d8ada5488556cbb9563dc31941d3b","411785.787182608","No"
"0xbb0e235039036b929e7aa82d8df48804730bc933","5030.58174311571","No"
"0xbbcd2a3f497aa6ecb44fd9f983d90db0c1624e80","10418.5535372132","No"
"0xbc2da85ae23829651a7067abd5ca57d536e526bf","830779.798957736","No"
"0xbd9c763d98b114e540987c8e6b325addde2ac739","20621.5878077106","No"
"0xbdeae830d263986357f8932d70444375d2fea357","113.958206066273","No"
"0xbe37d9c58e56470e34187abf87c5e6484e8654b4","6592169.23694323","No"
"0xbf1664f6aa9eb4a20d76fa298b2a2d44707da7a9","42330.4268167021","No"
"0xbfbb6fa521342936cc4c789c92603f86c3f057d8","570000","No"
"0xc00005f9a29aca2c2462c8a548faaf8d1c761cb9","24.6472391581027","No"
"0xc06035d118078e20dacd2942a2b31cf569b3cc14","369.4835","No"
"0xc0df0b09b9574064589d627ebfdffc51b92a5eaf","3502.214425","No"
"0xc1a8e970106de776841f8792458cc69f4122b216","380392.316594417","No"
"0xc2627cce85b2ff5271a66f6880c30413c74eb9fc","11805.9293726747","No"
"0xc2851250b33230f51eb0c576b721e777341a6091","614.746184018566","No"
"0xc305c7097a5f7b9d7775a3a074084eb65255b773","4682.98980359239","No"
"0xc31a241ee17d52e37af913369dddc90e5e71a94d","7027.21688233858","No"
"0xc344feffc6cc44d89d7c249c134f9dd390bf378e","568.569882339225","No"
"0xc347b0e814a2d115574f3e3fa5f6a3065f9c1073","2361.8045","No"
"0xc3955d3af23f588dd198e1cca8d836b95304d7f3","456231.112906017","No"
"0xc41c9e3c7f732d8cc35f6b5c5cc1bac7a79d004f","2897.837155","No"
"0xc55da3ebe9d48670146c83f0553a1fea10e06fa3","42906.1594140296","No"
"0xc58a556b02de52d6ed1e9737b66da31e3b280351","15245.4871597712","No"
"0xc59223e5021a0a7c795281cdf7869c1ca1e1ff14","3.2575609952571E-05","No"
"0xc59a95985c713dbd5eddcf48cd64eac6410166b0","12580.1912522897","No"
"0xc5d7dfc888beddb6a8d00174b2aa23ee8faad750","9531.66480579838","No"
"0xc62c4c418c82ce03e917cebd4ae5d772863d8308","35000","No"
"0xc649fa665c3e1045f4e49effe13987c57a3e7b2f","23030.7432398581","No"
"0xc68953656385f1253a106f33695ab3dee6bec3b2","3184238.8981625","No"
"0xc70b11bd8cf10e237a132ec089ecb7a5dae3997f","24293.9093599024","No"
"0xc71b128295a5cdde3efbd6c548d2d50746e53878","47469.6","No"
"0xc72274bd141647a02f223c0f3fa083ff2aedd84b","50839.2773203844","No"
"0xc77568f615696d0e4adbba687065db9cfba88270","46427.925","No"
"0xc77d66286d8832112225de79717fbaac4727a901","1644.5735","No"
"0xc7cc374c99b99fe2cbb92081c17632be2ee1028c","280519.681693384","No"
"0xc7d04efe20e3d0ee4de43943167cb272460a07a4","2850","No"
"0xc7fcf9ed981550cefbaffe5d1d4e6d6cdccba6d3","1.9815","No"
"0xc81dc8f793415b80d7ee604e936b79d85bd771b6","1227.67130163637","No"
"0xc89b787c42723aa5359553b2c574e5fc63809314","192297.985726325","No"
"0xc8abd4525114154ad5b0b04b77a7d68df063b71a","1854485.77760411","No"
"0xca077dda44ed72c620310163112940e066c28632","1271.06857507726","No"
"0xca0ebab0d89fcd4e83952ffda1f03b6f7504c47a","734.779226538633","No"
"0xca12ffb1a639e77b53788ea5bffa05b208f98437","712.5","No"
"0xca1dc91cb1d1154fa68c106df4fd9855777a3415","206892.635652376","No"
"0xcac2b16c819284d04f3512e75ce65961665c1995","2734.518","No"
"0xcb5e2c08cc4369da16422ef927459a247b6f5ed0","37.6928125464245","No"
"0xcbea173727686d4311a1071fd64b31388d50b322","2968127.56711561","No"
"0xcbefaf1df78f77c95ca264f33673fdfac53ef404","538.211082298816","No"
"0xcbffde8c82176f3f64d81d5c824c59e70eb3e19c","4152.91011030994","No"
"0xcc56791b0eccdbfa4dc98eb851484e3eaa4c678a","232174.04350607","No"
"0xcc6ff67d5cba8745d681c8c57b5b495a92d7ce0f","26102.4877232528","No"
"0xccf3857004472f19621fff845a49925b06863df8","543.362","No"
"0xcd274ba36f143b99c82525967e6a44b9fa989858","33474.6557100626","No"
"0xcd2f7e66139b28860811b5c6358278310908587a","1275.0805","No"
"0xcdd9bcf6008d51207d31a12f3313d0801f24ad8d","468149.758112339","No"
"0xce8b332e34ea9c520dbeb1c4187991b6822e2633","10000","No"
"0xcecdc8bae2ab0963d45a6dc2d13c83b8514258b6","276.359493131447","No"
"0xcfa432c881c9064e6988c33f9561425b49d9b8f0","730.6545","No"
"0xcfb60da0cc5951a4e49c4274b5f6ef8725e5a2fb","1095814.44949863","No"
"0xcfea10806de0e6f332544a4537f68c060b96a5e3","95579.7644833798","No"
"0xd02286fed44ac058a9ecb27dcb15bc110433b925","6917.13994466288","No"
"0xd0f5420592a85abfd5124aba81a1832bf009f6b4","23412.3135324465","No"
"0xd0fce1c5cdea8e2535ad421df2a50343cf7ba00b","1437183.30344939","No"
"0xd16f8a89381271d328be483fabac27ccdf2267bf","41617.9438661247","No"
"0xd1925dcb02bfa81cbdf7e65cb62b3bf26e0a942e","495870.681364333","No"
"0xd1ca515768e422c72630e56d6f85422530f91e9d","8934.75","No"
"0xd1e1cf6f21b9cd8e089cb3ef50414f832d7ec68a","35599.6230006545","No"
"0xd209264b6b59eabfe30b06bf26f8abfb287caa05","1901125.58881963","No"
"0xd26851898b82136aefdf77f350c73dc33764aa96","19000","No"
"0xd2d133a093519af3d26b6bdc981a5fdcd3af4909","1378.89129722821","No"
"0xd2ed56caa790baed0945af0695d01da243c9833f","1211.78659330148","No"
"0xd300bebbe0ca381708436dc127d78fdac0b098e5","3472.4115","No"
"0xd309040ac2eab673b83b3ff180ac6c5c4c4cb6a4","6598663.92385589","No"
"0xd30ce1ec399bea606c2f758f7f0d559f07f2017c","114605.285997253","No"
"0xd336bcd7eff54a3899b23201153d1ae6150c71c4","36700.6330741799","No"
"0xd3effbf76c31c50f9088e6cd3793e66a50f56890","28119.2219630463","No"
"0xd415d52752436e267913d2ec475293ed4e8342b2","346690.79455167","No"
"0xd427b543c256b0ef831ab403da8f7a6eb6fe438d","1444.62852694831","No"
"0xd429a02457c38e534ddeb0dc9d304b20d0f5ef42","2655.20739849352","No"
"0xd446ef51de2bd29c2580bfd127d600be86ea7226","5013202.64030914","No"
"0xd49887383d3c4ea9e9e65322f083d83554194a40","107121.815566659","No"
"0xd55fbb35a494bd38bd52c1e1abe0cd8f80bd608f","24906.0674910196","No"
"0xd5e20186c8c0ad403d5c9c397c758efab2725de0","1490405.92072667","No"
"0xd5fbd269a1367dfcce951a7257ab08dbb546c18d","4443.21041049556","No"
"0xd64ef7a5e12cdc440bbe68aa62a971ee4aa636e6","92.7335","No"
"0xd763e5c28ea2961788543b1e7788d6638dbc65e7","369.4835","No"
"0xd82afb06a08983d1c422a5b5e376114c14b7d787","1579590.28529898","No"
"0xd848bbe60e43a400afd5d847f7b4b6f258e5486f","64183.8767305043","No"
"0xd8d6c75fbdca84e0dcac449dba03fc30e3e3e8b5","790.765398779797","No"
"0xd92d119f4f1e412e306d8fefa19973ac655837dd","50953.8906948027","No"
"0xd97d78c6d115763999f039ad660634d854062537","1009.9996263476","No"
"0xd9806dc62430bcae88cdf773160d6664b310e059","12081.2903712913","No"
"0xd9cb35e3f0057d753aa9821889e9960d42af509f","55612.4590449536","No"
"0xda2ceaace69ff759ca88f2aefe61bd4df82f8437","2688.01624246216","No"
"0xda34834dd6cd259e9e9645576b642cc765f5930f","30418.943","No"
"0xdaa7663256828e920179ee33e43ce7830610fb62","267829.36445214","No"
"0xdaabedc2e30cb491d686d842cb1175f5a7e15a75","109547.32643746","No"
"0xdaea1a31909b0db034f14ad49622ddf4108f9816","1818.4425","No"
"0xdaf186a750be0d4906da59efaed959abc221a3b5","41027.08","No"
"0xdb258ea87445e54b15032f7db4170d859fb6ca50","1000030.49425203","No"
"0xdb38733640c4c0dd411a655952c76907122405a6","2005.735","No"
"0xdbdcaba98d1ed2f369a4f79fd98f6e95de4477db","137481.818717391","No"
"0xdbfa04dd254c10d18f9b18e826402119eee704a5","2768863.6738412","No"
"0xdcbc4ce2a1fb87b6587eb8dc6ea51561f2dcad3e","6263.77836000272","No"
"0xdccd813d8c045017b80e5b3502cb62b2260c6c31","46637.5045969873","No"
"0xdd5a2b48e657f3bfed934733801692b292556be1","667973.85034959","No"
"0xddf403807c103624d3ccee729a88103f3fb55cb2","87.6375","No"
"0xde44cf5eea498b2354ffdd77a5fb475bb94ec772","218390.601486362","No"
"0xdeb1a0b13fbe0ad75717e8fe7566ef2ebb9d25f9","0.4275","No"
"0xdf1bd2bfa1be4fa44f80ddbe35cefa05f667604e","1209899.2153488","No"
"0xe0c20f6e0f3cb12195f86a18eab44c75c5b8f3d5","294.473368252201","No"
"0xe1a4b7b404358689551f51d3d047ff5ed3649b20","3727.35545933356","No"
"0xe25015beb64f1051240f834baf68311d6191aab3","2005.735","No"
"0xe2cb481057821f81658a8a68deb2745fe6ebb023","155877.344815685","No"
"0xe2dd027e5c061510bb3e0f7d76c20ce194d3a8eb","697.390382445254","No"
"0xe30187bf3176b4991e7f9e91f3ff7f23de8c9399","1835667.86887589","No"
"0xe316cb8dbb22d55590d47ee6672eeec47a727e53","2391238.79375567","No"
"0xe3261d75e763b7e2df662594609973a2e964979b","268506.237405791","No"
"0xe32e81a1d5f4345ab2625c36d2684dd8beeec3f2","5684.50975013191","No"
"0xe360ff0e1dc3bd26dd6057ca2a589720d514988e","76977.5769719432","No"
"0xe43d14e45f3fb59fca09978beb0cc89db7445b6a","3683284.60337373","No"
"0xe46b8d6c3065a4b6885303e1ec820d8134062b05","5372.80756963693","No"
"0xe46e31f7f7338938856ae2b675083f71fda29b57","121598.841354673","No"
"0xe4b21cd464aa014c63390db676f4b436101182d6","6740.46870343075","No"
"0xe64f57ae87e083e5b5a3de47ffc84fb5c06bfbd0","1362.90022121545","No"
"0xe6580bce2e5dcffba41a25637e9fc13d4e06bd38","30821.1540696341","No"
"0xe6873639b362548d43527737449392c1b51fcea2","1515.07544084147","No"
"0xe6a4c3a410800d52afb5ae58e505884aae2f6bdf","22989.4936411078","No"
"0xe6b62b55216e6811f7655c19f458c352277e2adb","46424.261043604","No"
"0xe6dd01f08410dc59f322213e05a685e6ab904508","1740.25258751739","No"
"0xe732853cf2d8b78b5a09e2b94e93338741d1bff8","154746.266347809","No"
"0xe7673b14beb7fac598b5d310e47b3038fb031f1a","98.8900709739342","No"
"0xe785be6eb7bedb2551cf0a68972b58854d86a7be","731.728","No"
"0xe8122f29f3292beae1bafefff5bff7a258ccfa55","64180.1066613963","No"
"0xe86e3c07b70df2cc66e45a2ee749ad2b9e3485ff","11379.624820605","No"
"0xe87a37cd4df1cdd83bbe667fc0a3351bb544e28c","172326.881558276","No"
"0xe9401b3cf6bffe5e6e609185d284fb5fefe5e4e4","123333.803159451","No"
"0xea046790029536f455042409a4c5f6d26f909cc1","1E-18","No"
"0xea3f0f141c74622a2da0f9c939d97eaddbae88a3","1050.24422465958","No"
"0xea67cedceeb9e17c4c6055e83491ee55ecb4cec1","10799.9409699534","No"
"0xea97fd579af1529bd4f114504caee98b58c1ea7a","1331.69183327615","No"
"0xeac7cdd9333eb65f40a7c1a53337a7044a1a37e3","11727.6498557398","No"
"0xeae602d7b780706ed98b8820863673bd971313b9","9509.5","No"
"0xeaee47de519ac6e4e7614ceccce3d2dff28718e5","121014.220660649","No"
"0xeb1c91e89cfe48535dc50c770192f3e84e7147d8","378042.264175126","No"
"0xeb386124d6fefd842fdc3e61a8f9460e7fd5780e","100000","No"
"0xeb56083a7d032b2db97ddfc9e16d1722bc99b243","4993269.37869461","No"
"0xeb9e8bbf897a113bef90ebc5d681a2799a95b295","105450","No"
"0xec867a157e0a907ba51a1a6400d09ece481c2159","17279.075","No"
"0xecfcdf269baee3813b69949e298d879cf695974f","217299.280851792","No"
"0xed33bd48a106c183811666cc98bde1b51e656bbd","9509.5","No"
"0xed93465b548aad6acb2cd563f58976d6e7f14908","14692400.95","No"
"0xeddf1c92f264b2a0f5a29bf34a0e4dced8bbd6c6","3644.1335","No"
"0xee38b82a58e2428ca87eef52acb218d1f88459df","916678.06120086","No"
"0xee3b94974bc35631dc8ebffc7e57b62abcf95e8b","472.563367830263","No"
"0xee8378dbf0754a1b53ff2759e2d40a6d579f9a96","44.1960233095711","No"
"0xee90dd6ea06843f9d82ef1c96b57664db5dbb73d","55778.6420284046","No"
"0xeeb213e2f3112d63880b2b714d05d8ee70081547","0.85","No"
"0xeef03b3104e488b4f66760bc32d40fe046e430ac","17650.207861426","No"
"0xef1f03bf258cc609d97021aaf30c727f90ae05ab","3035.04388982967","No"
"0xef29d7592fd84804086353d387357db9985aae6d","2014.057","No"
"0xef32bfa14148a801c00de0ae6b1eeb79454071ec","1101.2115","No"
"0xef60b7c94a072444f8d647ff40264725cf61c03a","2164116.64861442","No"
"0xf0949f6cfd30ffcd0fe4b312f5490e624e79016f","1108.4505","No"
"0xf0b64fc37eb4cdc6b81ef5a695f3414e79f0eceb","4299769.72761739","No"
"0xf1a6ba05237785f92d39952c62f94cc3ca5e7bf2","282171.628153889","No"
"0xf1b79330581ac69a087fab5ea666c0a16ba90c3a","1995","No"
"0xf21bda3cd26e00d0283644e3f7eb91cb9f7b653b","527.25","No"
"0xf2452072510d50cfa42331fb7308eda17d56bb43","146778.514829823","No"
"0xf2a73cf5aee944c12250ef6c084fbe2e2b744d0b","15675","No"
"0xf2b6c5526e63e1b8695719d96ca4df9429fbbe09","160954.350152632","No"
"0xf2c910910a24b447a2b2542567ba25c302a81303","368.942","No"
"0xf3242d47b6bc68f71ef8bf4ef6b206fef8213914","194275","No"
"0xf39f413c9c0d2f3efa93208c6438bd423e1e584a","475","No"
"0xf3bb8edeb8ed27288d018fe6c6762daafd81f242","15808.6568313305","No"
"0xf4c8e054f33a81bee723a60d2a598d9557bb9b61","42632.066099493","No"
"0xf4ccb42923ff5aefc70d9176dc45d49c4e49b06d","343630.985371709","No"
"0xf5f6f43a8bf2df705e26eeae5f33c83366f0df9d","369.4835","No"
"0xf656b229dae87c3d593b057d029c351d0917859c","1900","No"
"0xf6dae16b06f630e0f5a7468d95c5c65d01ea7bcb","1101.2115","No"
"0xf70951ed1c89b262785ef1156d9df2667b518672","3.7513358E-11","No"
"0xf71c2b8fa82b05e14e5bdfc3d2444e0f47eeff36","145556.381504055","No"
"0xf72a554d89d4452c9ec8195cf354bfc6c7381ff4","369.4835","No"
"0xf73aed171ae80f1760c9f9e74e0bd0846f266c24","263.463335762863","No"
"0xf7638112041d47d4d7e273a9827fa63b66cc7352","173560.857484784","No"
"0xf774f030f0c0573dde70e85df8ca60cd26451657","32364.9191427403","No"
"0xf8b190eeb13874c5080b8c122fbffde0d9678e82","5952.17642271006","No"
"0xf908dbe227855c74b62a3359659e42bf1a146416","126809.618169276","No"
"0xf9c8d89245f898d23b75eaeef467e3aa218aac5d","25029.8992974241","No"
"0xf9caff969f99bd9b64fe0064f99aafccdff4d2ae","5740.39217279819","No"
"0xf9ff0006c15d6a7daec6071de4e69b54f2d0bd67","36180.5319368394","No"
"0xfa2869c9b3f4adae2c7ee3a08697377b834a33ac","13215.9820640937","No"
"0xfa706259c17e547d87ce2ca18add218a139b95c3","2184.72145767007","No"
"0xfad62f65903a10e4fbf15b0feda22baa84ea4875","49695.1886901381","No"
"0xfb12f0f032a0dddbef58229fdea386ce10839b8a","5588.469331668","No"
"0xfb4adffc3864bca74c66573b7017f54c9b3b95f2","54591.2946123851","No"
"0xfbd154f53f5aa075259f59ae2e911b7452b97c14","2329.63541032513","No"
"0xfc4a16c4f2a034ab425a91155c8ccf847efd4fae","4542.67313747544","No"
"0xfc9c1c6c4d900980ea3313337df56bfc4b2cb28e","59598.2138237736","No"
"0xfd5f829b38208684e6282b8098dce575447b4790","1275.0805","No"
"0xfddf9a66f043eb59740f043c1154ec0b720e28ab","1085.9355","No"
"0xfe1fac1d4b010314487b24f411c433c0ee48ebf9","34369.693033347","No"
"0xfe86ba06d5f7e3a25c015c7c5f821bb3ded2276d","24556.880138391","No"
"0xfe92269e92016b07016048514f5d2d4e288acec1","1900","No"
"0xfeb89e1e82ac89a3af931eb77350638152a63a34","46279.1161317211","No"
"0xfee2fc05362cd579b963a8c55c245975e89f6a3a","101715.964331345","No"
